{
    "Kmax": 28.648249130566832,
    "G_shape": [
        0.12857142857142856,
        0.12857142857142856,
        0.09999999999999998,
        0.09999999999999998,
        0.014285714285714235,
        0.014285714285714235,
        -0.08571428571428574,
        -0.10000000000000003,
        -0.14285714285714285,
        -0.15714285714285714,
        -0.12857142857142856,
        -0.12857142857142856,
        -0.02857142857142858,
        -0.02857142857142858,
        0.014285714285714235,
        0.014285714285714235
    ],
    "Profile-1": {
        "R_scale": {
            "slope": 0.6220587550621577,
            "bias": -0.7756471105987757,
            "sigma": 0.24848083434051538
        },
        "g_scale": {
            "slope": 0.6524587630931787,
            "bias": 2.079863926921898,
            "sigma": 0.25781594662342805
        },
        "G_scale": {
            "slope": 0.5982361749821256,
            "bias": 1.5370438794284738,
            "sigma": 0.3888189465002228
        }
    },
    "color_bias": [
        [
            0.7213340401649475,
            0.5402074456214905,
            0.5854830145835876,
            0.7726505994796753
        ],
        [
            0.7199347019195557,
            0.35981667041778564,
            0.4092552959918976,
            0.7749974131584167
        ],
        [
            0.6216778755187988,
            0.41889700293540955,
            -0.33627405762672424,
            -0.12745505571365356
        ],
        [
            0.5784178972244263,
            0.5328818559646606,
            -0.21174536645412445,
            -0.1772664487361908
        ],
        [
            0.09915744513273239,
            -0.12319963425397873,
            -0.42478466033935547,
            -0.22184313833713531
        ],
        [
            -0.10799155384302139,
            -0.03687232360243797,
            -0.36633601784706116,
            -0.43446701765060425
        ],
        [
            0.6564674973487854,
            0.7304582595825195,
            0.29079124331474304,
            0.21191616356372833
        ],
        [
            0.7376312017440796,
            0.7867028713226318,
            0.2973746657371521,
            0.2707960903644562
        ],
        [
            0.7116640210151672,
            0.1312595158815384,
            0.44590070843696594,
            0.06325777620077133
        ],
        [
            0.8130021095275879,
            1.140845537185669,
            -0.5248053669929504,
            0.17300395667552948
        ],
        [
            0.516357958316803,
            1.512249231338501,
            0.15239876508712769,
            -0.6168639063835144
        ],
        [
            0.7625634074211121,
            1.2393133640289307,
            -0.001357785426080227,
            -0.3500337600708008
        ],
        [
            0.9774660468101501,
            0.4690694510936737,
            -0.6790473461151123,
            -0.9991610050201416
        ],
        [
            1.5260467529296875,
            1.799472689628601,
            -0.5902320742607117,
            0.3168741762638092
        ],
        [
            2.4947657585144043,
            3.4149317741394043,
            -1.986543893814087,
            -1.5824596881866455
        ],
        [
            2.1826276779174805,
            1.8063867092132568,
            -2.5192391872406006,
            -2.9354913234710693
        ]
    ],
    "Kmin": 0.44762889266510675
}