{
    "Kmax": 26.079807668423204,
    "G_shape": [
        0.1428571428571428,
        0.1428571428571428,
        0.11428571428571421,
        0.11428571428571421,
        0.02857142857142858,
        0.02857142857142858,
        -0.10000000000000003,
        -0.08571428571428574,
        -0.17142857142857143,
        -0.17142857142857143,
        -0.15714285714285714,
        -0.15714285714285714,
        -0.08571428571428574,
        -0.08571428571428574,
        -0.02857142857142858,
        -0.02857142857142858
    ],
    "Profile-1": {
        "R_scale": {
            "slope": 0.7292220505388829,
            "bias": -0.9370565150367796,
            "sigma": 0.2502155842967251
        },
        "g_scale": {
            "slope": 0.5681183926808191,
            "bias": 1.9982663724918939,
            "sigma": 0.24870223821017215
        },
        "G_scale": {
            "slope": 0.4868061424083776,
            "bias": 1.4642678570994598,
            "sigma": 0.3820056048326114
        }
    },
    "color_bias": [
        [
            0.7145485281944275,
            0.5803739428520203,
            0.3191665709018707,
            0.42135176062583923
        ],
        [
            0.6965571045875549,
            0.6329420804977417,
            0.3340599536895752,
            0.33510327339172363
        ],
        [
            0.5565698742866516,
            0.6014482378959656,
            0.28838393092155457,
            0.22106163203716278
        ],
        [
            0.6255998015403748,
            0.5709607005119324,
            0.28302812576293945,
            0.283346027135849
        ],
        [
            0.6153627634048462,
            0.6635386943817139,
            0.28569599986076355,
            0.28746336698532104
        ],
        [
            0.6572445034980774,
            0.5786789655685425,
            0.20863565802574158,
            0.2324044406414032
        ],
        [
            0.9002538323402405,
            0.8294968008995056,
            0.18920791149139404,
            0.2821202576160431
        ],
        [
            0.8010811805725098,
            0.9896628260612488,
            0.3373832404613495,
            0.1594409942626953
        ],
        [
            1.1451222896575928,
            1.4027013778686523,
            0.7497870326042175,
            0.41875964403152466
        ],
        [
            0.9111462831497192,
            1.2889503240585327,
            0.4804377853870392,
            0.003431576769798994
        ],
        [
            1.7777990102767944,
            1.9533191919326782,
            1.146877646446228,
            0.6870290637016296
        ],
        [
            1.6912871599197388,
            2.0377118587493896,
            0.4170716106891632,
            0.29175758361816406
        ],
        [
            3.321380615234375,
            3.4301798343658447,
            1.2066515684127808,
            0.08737491816282272
        ],
        [
            2.804884910583496,
            3.2619242668151855,
            0.43897131085395813,
            0.016234150156378746
        ],
        [
            3.6559011936187744,
            5.306246280670166,
            1.5786296129226685,
            0.0077256085351109505
        ],
        [
            3.4211416244506836,
            6.13178825378418,
            -0.5191395878791809,
            -1.3928788900375366
        ]
    ],
    "Kmin": 0.40749699481911256
}